id;index
1;0
1012070;1
1012128;2
1012196;3
1012268;4
1012366;5
1012449;6
1012488;7
1012533;8
1012624;9
1012668;10
1012719;11
1012794;12
1012878;13
1012947;14
1013085;15
1013160;16
1013212;17
1013283;18
1013322;19
1013366;20
1013433;21
1013554;22
1013621;23
1013709;24
1013792;25
1013941;26
1014046;27
1014123;28
1014175;29
1014227;30
1014297;31
1014342;32
1014485;33
1014550;34
1014662;35
1014750;36
1014818;37
1014942;38
1015;39
1015039;40
1015095;41
1015160;42
1015215;43
1015329;44
1015410;45
1015455;46
1015532;47
1015642;48
1015692;49
1015747;50
1015807;51
1015889;52
1015956;53
1016161;54
1016248;55
1016307;56
1016477;57
1016555;58
1016647;59
1016717;60
1016790;61
1016870;62
1016924;63
1016980;64
1017037;65
1017090;66
1017170;67
10172;68
1017200;69
1017253;70
1017295;71
1017335;72
1017382;73
1017510;74
1017584;75
1017666;76
1017729;77
1017798;78
1017936;79
1017998;80
1018075;81
1018182;82
1018213;83
1018280;84
1018324;85
1018401;86
1018475;87
1018535;88
1018572;89
1018623;90
1018754;91
1018889;92
1018947;93
1019025;94
1019104;95
1019154;96
1019176;97
1019254;98
1019307;99
1019393;100
1019464;101
1019654;102
1019778;103
1019817;104
1019898;105
1019959;106
1020035;107
1020110;108
1020169;109
1020232;110
1020276;111
1020328;112
1020531;113
1020576;114
1020660;115
1020711;116
1020819;117
1020969;118
1021055;119
1021103;120
1021222;121
1021259;122
1021410;123
1021470;124
1021583;125
1021699;126
1021833;127
1021893;128
1022002;129
1022078;130
1022130;131
1022208;132
1022293;133
1022385;134
1022407;135
1022451;136
1022495;137
1022618;138
1022679;139
1022735;140
1022778;141
1022862;142
1022931;143
1022999;144
1023030;145
1023079;146
1023139;147
1023218;148
1023275;149
1023346;150
1023405;151
1023471;152
1023515;153
1023555;154
1023590;155
1023649;156
1023696;157
1023758;158
1023888;159
1023955;160
1024029;161
1024128;162
1024194;163
1024233;164
1024306;165
1024372;166
1024402;167
1024483;168
1024585;169
1024638;170
1024674;171
1024757;172
1024839;173
1024923;174
1024963;175
1025027;176
1025103;177
1025167;178
1025294;179
1025347;180
1025433;181
1025619;182
1025664;183
1025725;184
1025791;185
1025856;186
1025973;187
1026007;188
1026072;189
1026146;190
1026193;191
1026284;192
1026322;193
1026444;194
1026534;195
1026605;196
1026760;197
1026845;198
1026909;199
1026960;200
1027005;201
1027112;202
1027154;203
1027205;204
1027263;205
1027380;206
1027458;207
1027483;208
1027548;209
1027618;210
1027681;211
1027790;212
1027847;213
1027905;214
1027974;215
1028024;216
1028053;217
1028083;218
1028141;219
1028197;220
1028266;221
1028332;222
1028372;223
1028426;224
1028520;225
1028562;226
1028613;227
1028725;228
1028800;229
1028852;230
1028918;231
1029029;232
1029113;233
1029200;234
1029343;235
1029381;236
1029423;237
1029485;238
1029587;239
1029734;240
1029827;241
1029881;242
1029966;243
1030031;244
1030104;245
1030189;246
1030234;247
1030279;248
1030315;249
1030392;250
1030440;251
1030504;252
1030558;253
1030617;254
1030736;255
1030804;256
1030896;257
1030935;258
1030980;259
1031023;260
1031093;261
1031181;262
1031215;263
1031330;264
1031374;265
1031418;266
1031474;267
1031538;268
1031570;269
1031649;270
1031707;271
1031790;272
1031838;273
10319;274
1032035;275
1032101;276
1032158;277
1032198;278
1032254;279
1032289;280
1032358;281
1032424;282
1032489;283
1032556;284
1032610;285
1032704;286
1032767;287
1032829;288
1032873;289
1032937;290
1033060;291
1033144;292
1033289;293
1033384;294
1033416;295
1033489;296
1033544;297
1033582;298
1033640;299
1033706;300
1049816;301
1050362;302
1050712;303
1051423;304
1051468;305
10517;306
1051835;307
10519;308
1052249;309
1052680;310
1052873;311
1053078;312
1053603;313
1053943;314
1054245;315
1054449;316
1054635;317
1054959;318
1055160;319
1055461;320
1055653;321
1055913;322
1056237;323
1056407;324
1056663;325
1056891;326
1057287;327
1057651;328
1057877;329
1058361;330
1058586;331
1058930;332
1058982;333
1059340;334
1059759;335
1059791;336
1060036;337
1060338;338
1060538;339
1060822;340
1061487;341
1061731;342
1062279;343
1062849;344
1063088;345
1063385;346
1063664;347
1064048;348
1064305;349
1064662;350
1064934;351
1065040;352
1065571;353
1066031;354
10665;355
1066638;356
1066859;357
1067062;358
1067693;359
1067997;360
1068225;361
1068718;362
1069097;363
1069674;364
1069912;365
1070208;366
1070449;367
1070500;368
1070773;369
1070934;370
1071119;371
1071522;372
1071862;373
1072370;374
1072561;375
1073154;376
1073660;377
1074016;378
1074361;379
1074488;380
1075107;381
1075413;382
1076069;383
1076433;384
1076656;385
1076813;386
1077607;387
1078053;388
1078547;389
1078822;390
1079075;391
1079353;392
1079631;393
1080153;394
1080466;395
1080775;396
1081362;397
1081668;398
1081917;399
1082063;400
1082540;401
1082769;402
1082991;403
1083554;404
1083852;405
1084140;406
1084436;407
1084847;408
1085407;409
1085664;410
10857;411
1085898;412
1086521;413
1086807;414
1087184;415
1087578;416
1088081;417
1088298;418
1088553;419
1088918;420
1089425;421
1089743;422
1089852;423
1090196;424
1090455;425
1090908;426
1091199;427
1091432;428
1091892;429
1092487;430
1092910;431
1093158;432
1093327;433
1093522;434
1093978;435
1094235;436
1094443;437
1095211;438
1095803;439
1096046;440
1096255;441
1096738;442
1097072;443
1097438;444
1098047;445
1098290;446
1098605;447
1098857;448
1099339;449
1099912;450
1100371;451
1100743;452
1101164;453
1101591;454
1102177;455
1102406;456
1102559;457
1102777;458
1103313;459
1103565;460
1104125;461
1104471;462
1104985;463
1105558;464
1106036;465
1106284;466
1106960;467
1107469;468
1107811;469
1108077;470
1108744;471
1108962;472
1109254;473
11096;474
1109637;475
1109697;476
1110051;477
1110366;478
1110697;479
1111239;480
1111633;481
1111918;482
1112432;483
1112727;484
1113195;485
1113722;486
1114128;487
1114649;488
1115145;489
1115469;490
1115892;491
1116198;492
1116577;493
1116914;494
1117411;495
1117777;496
1118126;497
1118446;498
1118745;499
1119077;500
1119536;501
1119969;502
1120234;503
1120689;504
1121136;505
1121498;506
1121919;507
1122087;508
1122534;509
1123030;510
1123659;511
1124269;512
1124660;513
1124843;514
1125202;515
1125489;516
1125811;517
1126071;518
1126244;519
1126552;520
1126728;521
1127266;522
1127550;523
1127573;524
1128088;525
1128341;526
1128975;527
1129455;528
1129745;529
1130126;530
1130650;531
1131045;532
1131343;533
1131784;534
11322;535
1132455;536
1133449;537
1134001;538
1134478;539
1134904;540
1135220;541
1135473;542
1135880;543
1136230;544
1136533;545
1136952;546
1137281;547
1137502;548
1137903;549
1138461;550
1138922;551
1139358;552
1140350;553
1140732;554
1140920;555
1141124;556
1141297;557
1141621;558
1141963;559
1142171;560
1142436;561
1142833;562
1143172;563
1143548;564
1143762;565
1143855;566
1144284;567
1144713;568
1145;569
1145010;570
1145385;571
1146054;572
1146821;573
1147526;574
1147883;575
1148355;576
1148804;577
11489;578
1149236;579
1149635;580
1150017;581
1150342;582
1150536;583
1151007;584
1151307;585
1151391;586
1152230;587
1152508;588
1152851;589
1153090;590
1153505;591
1153989;592
1154301;593
1154732;594
1155056;595
1155665;596
1156225;597
1157047;598
1157326;599
1157601;600
1157868;601
1158370;602
1158720;603
1158956;604
1159190;605
1159417;606
1159741;607
1159989;608
1160267;609
1160710;610
1161030;611
1161177;612
1161214;613
1161792;614
1162274;615
1162322;616
11626;617
1162827;618
1163653;619
1164153;620
1164307;621
1164528;622
1165054;623
1165493;624
1165738;625
1166078;626
1166250;627
1166634;628
1166845;629
1167290;630
1167910;631
1168330;632
1168650;633
1168696;634
1169152;635
1169416;636
1169706;637
1169934;638
1170388;639
1170695;640
1171165;641
1171437;642
1171870;643
1172410;644
1173454;645
1173624;646
1173822;647
1174004;648
1174506;649
1175061;650
1175278;651
1175498;652
1175659;653
1175998;654
1176200;655
1176571;656
1177089;657
1177546;658
1177716;659
1178093;660
1178503;661
1178882;662
1179223;663
1179907;664
1179955;665
1180128;666
1180678;667
1180802;668
1181269;669
1181532;670
1181759;671
1182323;672
1182700;673
1182744;674
1182821;675
1183140;676
1183451;677
11839;678
1184023;679
1184362;680
1184627;681
1184869;682
1185349;683
1185383;684
1185849;685
1186071;686
1186337;687
1186604;688
1186839;689
1186908;690
1187307;691
1187461;692
1187905;693
1188246;694
1188515;695
1188921;696
1189326;697
1189507;698
1189820;699
1190190;700
1190446;701
1190663;702
1191138;703
1191517;704
1192026;705
1192286;706
1192640;707
1192843;708
1193053;709
1193311;710
1193702;711
1194046;712
1194322;713
1194465;714
1194721;715
1195101;716
1195568;717
1195804;718
1196156;719
1196321;720
1196748;721
1197109;722
1197419;723
1197627;724
1197846;725
1198136;726
1198838;727
1199256;728
1199735;729
1199769;730
1200418;731
1200694;732
1200944;733
1201654;734
1201923;735
1202259;736
1202759;737
1203223;738
12036;739
1203801;740
1204079;741
1204524;742
1204784;743
1205182;744
1205598;745
1205904;746
1206212;747
1206598;748
1207242;749
1207451;750
1207755;751
1207928;752
1208105;753
1208419;754
1208918;755
1209201;756
1209566;757
1209947;758
1210194;759
1210418;760
1210747;761
1211314;762
1211880;763
1212490;764
1212727;765
1213100;766
1213571;767
1214144;768
1214537;769
1215066;770
1216035;771
1216243;772
1216443;773
1216948;774
1217197;775
1217434;776
1217768;777
1218211;778
1218605;779
1219167;780
1219750;781
1220271;782
1220696;783
1220937;784
1221430;785
1221765;786
1222177;787
12535;788
12705;789
1272;790
13060;791
1327098;792
1327140;793
1327299;794
1327559;795
1327868;796
1328166;797
1328593;798
1328760;799
1328866;800
1329080;801
1329282;802
1329324;803
1329402;804
1329648;805
1329708;806
1329807;807
133;808
1330115;809
1330193;810
1330438;811
1330507;812
1330664;813
1330758;814
1330871;815
1330987;816
1331086;817
1331155;818
1331271;819
1331318;820
1331587;821
1331664;822
1331758;823
1331846;824
1332168;825
1332380;826
1332546;827
1332603;828
1332838;829
1333275;830
1333480;831
1333697;832
1333850;833
1334205;834
1334519;835
1334601;836
1334739;837
1334861;838
1334994;839
1335095;840
1335330;841
1335555;842
1335716;843
1335845;844
1336138;845
1336325;846
1336446;847
1336660;848
1336810;849
1336864;850
1337085;851
1337128;852
1337456;853
1337734;854
1338026;855
1338167;856
1338226;857
1338425;858
1338588;859
1338645;860
1338740;861
1338813;862
1339050;863
1339320;864
1339614;865
1339766;866
1339820;867
1339928;868
1339986;869
1340043;870
1340327;871
1340531;872
1340974;873
1341058;874
1341156;875
1341262;876
1341403;877
1341746;878
1341820;879
1342165;880
1342542;881
1342888;882
1343007;883
1343062;884
1343353;885
1343641;886
1343840;887
1344060;888
1344568;889
1344776;890
1344999;891
1345060;892
1345127;893
1345479;894
1345659;895
1345849;896
1345928;897
1346277;898
1346440;899
1346927;900
1347201;901
1347345;902
1347410;903
1347497;904
1347709;905
1347946;906
1348097;907
1348431;908
1348559;909
1348609;910
1348832;911
1349225;912
1349319;913
1349625;914
1349719;915
1349975;916
1350065;917
13501;918
1350168;919
1350372;920
1350551;921
1350745;922
1350822;923
1350962;924
1351192;925
1351341;926
1351746;927
1351993;928
1352101;929
1352234;930
1352294;931
1352473;932
1352653;933
1353039;934
1353104;935
1353193;936
1353307;937
1353367;938
1353683;939
1353857;940
1354039;941
1354342;942
1354429;943
1354687;944
1354872;945
1354938;946
1355118;947
135522;948
1355434;949
1355568;950
1355701;951
1355801;952
135591;953
1355915;954
1355960;955
1356016;956
1356110;957
1356283;958
1356397;959
1356769;960
1356809;961
135691;962
1356925;963
1357013;964
1357187;965
1357243;966
1357437;967
1357577;968
1357788;969
1358152;970
1358224;971
1358648;972
1358698;973
1358817;974
1358979;975
1359040;976
1359174;977
1359301;978
1359432;979
1359540;980
1359870;981
1359984;982
1360100;983
136027;984
1360494;985
1360590;986
1360779;987
1360809;988
1361058;989
1361363;990
1361422;991
1361521;992
1361607;993
1361885;994
1361974;995
1362047;996
136222;997
1362333;998
1362502;999
1362580;1000
1362678;1001
1362863;1002
1363050;1003
1363118;1004
1363187;1005
1363294;1006
1363479;1007
1363557;1008
1363796;1009
1363869;1010
1364218;1011
13646;1012
1364632;1013
136465;1014
1364690;1015
1364834;1016
1364942;1017
1365153;1018
1365247;1019
1365328;1020
1365380;1021
1365558;1022
1365703;1023
1365829;1024
1365932;1025
1365972;1026
136763;1027
137354;1028
137623;1029
138196;1030
138287;1031
138779;1032
138884;1033
13923;1034
139231;1035
139346;1036
139480;1037
139558;1038
139838;1039
139992;1040
140081;1041
140175;1042
140515;1043
14070;1044
140845;1045
140925;1046
141226;1047
141373;1048
141712;1049
141905;1050
1419199;1051
1419396;1052
1419467;1053
1419989;1054
1420342;1055
142051;1056
1420519;1057
1421096;1058
1421877;1059
1423305;1060
1424190;1061
1424487;1062
1424619;1063
1424801;1064
142494;1065
1424988;1066
14251;1067
1425180;1068
1425415;1069
1426397;1070
1426478;1071
1426928;1072
1427066;1073
1427321;1074
1427697;1075
1428072;1076
1428895;1077
142950;1078
1429774;1079
1430397;1080
1431236;1081
1431415;1082
1431509;1083
1432049;1084
1432558;1085
143269;1086
1433113;1087
1433248;1088
1433693;1089
1434614;1090
1434786;1091
1435686;1092
1436523;1093
1436769;1094
1436957;1095
1437164;1096
1437401;1097
1437981;1098
1438429;1099
143853;1100
1439054;1101
1439510;1102
1439641;1103
1439803;1104
1439950;1105
1440406;1106
1440711;1107
1440817;1108
1441268;1109
1441433;1110
1441820;1111
1441996;1112
1442120;1113
1442517;1114
144256;1115
1442645;1116
1442793;1117
14428;1118
1442961;1119
1443373;1120
1444359;1121
1444622;1122
1445059;1123
1445475;1124
1446010;1125
1446146;1126
1446364;1127
1446942;1128
1447043;1129
144736;1130
1447730;1131
1447811;1132
1448019;1133
1448187;1134
1448441;1135
1448770;1136
144884;1137
1449399;1138
1449579;1139
1449699;1140
1449988;1141
1450409;1142
1450630;1143
1450893;1144
1451075;1145
1451161;1146
1451456;1147
1451538;1148
1451652;1149
1452374;1150
1452507;1151
1452669;1152
1453362;1153
145445;1154
1454554;1155
1455374;1156
1455502;1157
1456214;1158
1456746;1159
1456912;1160
1457036;1161
1457250;1162
1457677;1163
145771;1164
1457889;1165
1458039;1166
1458208;1167
1459176;1168
145967;1169
1460591;1170
146061;1171
146139;1172
1461445;1173
1461623;1174
1462062;1175
1462559;1176
1462684;1177
146289;1178
1463196;1179
1464050;1180
1464490;1181
146462;1182
1464918;1183
1464983;1184
1465487;1185
1465914;1186
1466013;1187
1466898;1188
1467399;1189
146769;1190
1468356;1191
146851;1192
1469170;1193
1470030;1194
1470235;1195
1471087;1196
1471623;1197
147163;1198
1472147;1199
1472310;1200
1472839;1201
1473169;1202
1473937;1203
1474503;1204
1474907;1205
1474991;1206
147505;1207
1475393;1208
1475611;1209
147591;1210
1476121;1211
1476202;1212
1476485;1213
1477470;1214
1477995;1215
147841;1216
1478428;1217
14790;1218
1479100;1219
1479688;1220
1479849;1221
147995;1222
1480118;1223
1480268;1224
1480447;1225
1480699;1226
148074;1227
1481436;1228
1481582;1229
1482045;1230
1482170;1231
1482360;1232
1482499;1233
148271;1234
1482848;1235
1483029;1236
1483636;1237
1483987;1238
148423;1239
1484736;1240
1484862;1241
148491;1242
1485733;1243
1486132;1244
1486267;1245
1486428;1246
1486924;1247
1487499;1248
1487620;1249
1487720;1250
1487871;1251
148812;1252
1488632;1253
1488756;1254
1488935;1255
1489773;1256
1490109;1257
1490688;1258
149071;1259
1491095;1260
149154;1261
1491641;1262
1492227;1263
1492395;1264
14931;1265
1493179;1266
1493439;1267
149395;1268
1494289;1269
1494826;1270
1494964;1271
1494966;1272
1495281;1273
1495426;1274
1495565;1275
1495907;1276
1496168;1277
149663;1278
1496708;1279
1497320;1280
1497480;1281
1497641;1282
1497833;1283
149792;1284
1498293;1285
1498651;1286
1499090;1287
1499483;1288
1500020;1289
1500595;1290
1500887;1291
1501066;1292
150117;1293
1501217;1294
1501532;1295
1501892;1296
1502398;1297
150258;1298
1502908;1299
1503043;1300
1503175;1301
150346;1302
1503750;1303
1504043;1304
1504239;1305
1504394;1306
1504521;1307
150456;1308
1505143;1309
150535;1310
150537;1311
1505633;1312
1505811;1313
1506145;1314
150633;1315
1506691;1316
1506886;1317
15069;1318
1507277;1319
1507466;1320
1507650;1321
1507752;1322
1507917;1323
150834;1324
1508406;1325
1508723;1326
1509073;1327
1509215;1328
150925;1329
1509816;1330
151035;1331
1510409;1332
1510632;1333
1510909;1334
151119;1335
1511449;1336
1511605;1337
1511864;1338
151204;1339
1512869;1340
1513090;1341
1513818;1342
151392;1343
1514053;1344
1514219;1345
1514581;1346
151497;1347
1515050;1348
1515369;1349
1515841;1350
1516045;1351
1516248;1352
1516897;1353
1517160;1354
1517301;1355
1517536;1356
1518165;1357
1518379;1358
1518593;1359
1518727;1360
1518931;1361
1519218;1362
1519527;1363
151957;1364
15198;1365
1520130;1366
152037;1367
1520866;1368
1521176;1369
152171;1370
1522022;1371
152261;1372
1522665;1373
1523;1374
1523209;1375
152337;1376
1523384;1377
1523507;1378
1523889;1379
1524030;1380
152430;1381
1524342;1382
1524548;1383
1524796;1384
1524934;1385
1525011;1386
1525147;1387
1525515;1388
1526367;1389
152681;1390
1527089;1391
1527605;1392
1528243;1393
1528424;1394
1528659;1395
152879;1396
1529318;1397
1529580;1398
1530359;1399
1530578;1400
1530723;1401
1531044;1402
1531194;1403
153133;1404
1531949;1405
153222;1406
1532243;1407
1532540;1408
1532746;1409
1533670;1410
1534151;1411
1534468;1412
1534913;1413
1535350;1414
1535830;1415
1536268;1416
1536524;1417
1536874;1418
153718;1419
1537227;1420
1537348;1421
1537548;1422
1538197;1423
1538618;1424
1539292;1425
15396;1426
1540024;1427
1540247;1428
1540378;1429
1540535;1430
1540596;1431
1540987;1432
1541198;1433
1541464;1434
1542013;1435
1542313;1436
1542414;1437
154253;1438
1543566;1439
1543736;1440
154374;1441
1544502;1442
1544693;1443
1545154;1444
1545394;1445
1546134;1446
1546237;1447
1546387;1448
1546681;1449
1546826;1450
1547172;1451
1547392;1452
1547641;1453
1547738;1454
1547849;1455
1548555;1456
1549005;1457
1549108;1458
154947;1459
1549745;1460
1550460;1461
1550713;1462
1550905;1463
1551201;1464
1551337;1465
1551530;1466
1551755;1467
1552077;1468
1552450;1469
1552580;1470
1553213;1471
1553416;1472
1553886;1473
155398;1474
1554058;1475
1554247;1476
1554633;1477
1554842;1478
1554987;1479
1555137;1480
1555766;1481
1555897;1482
1556109;1483
1556763;1484
155681;1485
1557063;1486
1557195;1487
1557673;1488
1558659;1489
1558834;1490
1559075;1491
155912;1492
1559320;1493
1559575;1494
15597;1495
1559725;1496
1559849;1497
1560074;1498
1560264;1499
1560367;1500
1560512;1501
156108;1502
1561262;1503
1561395;1504
1562061;1505
156252;1506
1563024;1507
156344;1508
1563615;1509
1564017;1510
1564149;1511
1564391;1512
1564590;1513
1565367;1514
1565543;1515
1566027;1516
156659;1517
1566624;1518
1566961;1519
1567419;1520
156749;1521
1567540;1522
1567643;1523
1568425;1524
1568906;1525
1569031;1526
1569299;1527
1569455;1528
1569753;1529
156990;1530
1570258;1531
1570458;1532
157055;1533
1570556;1534
1570994;1535
1571287;1536
1571524;1537
1572771;1538
1572933;1539
1573679;1540
157390;1541
1574512;1542
1574683;1543
157500;1544
1575225;1545
1575692;1546
1576344;1547
1576730;1548
157682;1549
1577747;1550
157837;1551
1578415;1552
1578890;1553
1579071;1554
157941;1555
1579679;1556
1580393;1557
1580903;1558
1581218;1559
1581505;1560
1581650;1561
158170;1562
1581859;1563
1582040;1564
1582371;1565
1582580;1566
1582856;1567
158293;1568
1583275;1569
1583521;1570
1583637;1571
1583806;1572
158383;1573
1583928;1574
1584259;1575
1584587;1576
158465;1577
15848;1578
1584943;1579
1585639;1580
1585851;1581
158654;1582
1586655;1583
1586784;1584
1587129;1585
1587410;1586
1587591;1587
1588143;1588
1588375;1589
159110;1590
159426;1591
15961;1592
159877;1593
160015;1594
160316;1595
160592;1596
160684;1597
160929;1598
161013;1599
161079;1600
161317;1601
161411;1602
161513;1603
1618;1604
161990;1605
16217;1606
162239;1607
162595;1608
162739;1609
162913;1610
163014;1611
163542;1612
16367;1613
163747;1614
163866;1615
163946;1616
164086;1617
164385;1618
164623;1619
164724;1620
165053;1621
165282;1622
165550;1623
16560;1624
165624;1625
165852;1626
165937;1627
166060;1628
166333;1629
166423;1630
166557;1631
166969;1632
167080;1633
167374;1634
167495;1635
167604;1636
167709;1637
167812;1638
168082;1639
168166;1640
168275;1641
168346;1642
168698;1643
169161;1644
169401;1645
169586;1646
169691;1647
16976;1648
169944;1649
170191;1650
170630;1651
170840;1652
171041;1653
171164;1654
171297;1655
171380;1656
171484;1657
171657;1658
172018;1659
172194;1660
172401;1661
172490;1662
172622;1663
172699;1664
172909;1665
172995;1666
173089;1667
173330;1668
17352;1669
173700;1670
173855;1671
174083;1672
174231;1673
174751;1674
174869;1675
175111;1676
17517;1677
175556;1678
175685;1679
175872;1680
175936;1681
176032;1682
176086;1683
176172;1684
1762;1685
176470;1686
176567;1687
176778;1688
176940;1689
177058;1690
177254;1691
177403;1692
177484;1693
177623;1694
177965;1695
178361;1696
178438;1697
17844;1698
178578;1699
179075;1700
179162;1701
179288;1702
179431;1703
179526;1704
17961;1705
179645;1706
180020;1707
180334;1708
180833;1709
180952;1710
181014;1711
181498;1712
181875;1713
182160;1714
18218;1715
182817;1716
183237;1717
18347;1718
183596;1719
183971;1720
184055;1721
184530;1722
184937;1723
185215;1724
185312;1725
185651;1726
185868;1727
186095;1728
186267;1729
186493;1730
186641;1731
18666;1732
186812;1733
187018;1734
187494;1735
187670;1736
187759;1737
18816;1738
188339;1739
188415;1740
188540;1741
188850;1742
188971;1743
189104;1744
189395;1745
189685;1746
189804;1747
189894;1748
190092;1749
190201;1750
190281;1751
190442;1752
19055;1753
190625;1754
191115;1755
191258;1756
191429;1757
191931;1758
192015;1759
192263;1760
192591;1761
1928;1762
192871;1763
193174;1764
193320;1765
193494;1766
193796;1767
194390;1768
194548;1769
194611;1770
19470;1771
195031;1772
195311;1773
195384;1774
195645;1775
196031;1776
196142;1777
196608;1778
19663;1779
196694;1780
196766;1781
197012;1782
197337;1783
197510;1784
19809;1785
198115;1786
198231;1787
198359;1788
198984;1789
199459;1790
19972;1791
199753;1792
200110;1793
200186;1794
200454;1795
200530;1796
200653;1797
200749;1798
200938;1799
201059;1800
20142;1801
201494;1802
201635;1803
201732;1804
202117;1805
202209;1806
202581;1807
20276;1808
202824;1809
202909;1810
203169;1811
203248;1812
203529;1813
203666;1814
204120;1815
204196;1816
204523;1817
204619;1818
204805;1819
205028;1820
20504;1821
205130;1822
205230;1823
205302;1824
205468;1825
205798;1826
205800;1827
206187;1828
206523;1829
20653;1830
206597;1831
206711;1832
206800;1833
207158;1834
207228;1835
207567;1836
207641;1837
207728;1838
207851;1839
208164;1840
208247;1841
208339;1842
208762;1843
20880;1844
209160;1845
209295;1846
209378;1847
209726;1848
210344;1849
210475;1850
210583;1851
210723;1852
21087;1853
210870;1854
211016;1855
211540;1856
211612;1857
211976;1858
212060;1859
212138;1860
21215;1861
212222;1862
212279;1863
212485;1864
212754;1865
213156;1866
213475;1867
213547;1868
213818;1869
21386;1870
213898;1871
214160;1872
214255;1873
214330;1874
214402;1875
214502;1876
214683;1877
214770;1878
215282;1879
215468;1880
215535;1881
215635;1882
21598;1883
216119;1884
216424;1885
216958;1886
217195;1887
217490;1888
217660;1889
217756;1890
217892;1891
217997;1892
218086;1893
21813;1894
218332;1895
218641;1896
218733;1897
218835;1898
218937;1899
219044;1900
21998;1901
22261;1902
2227;1903
22495;1904
22662;1905
22793;1906
22929;1907
23159;1908
23280;1909
23410;1910
23555;1911
2365;1912
23801;1913
23894;1914
24073;1915
24234;1916
24396;1917
24560;1918
24769;1919
24905;1920
25104;1921
25262;1922
2535;1923
25511;1924
25718;1925
25910;1926
26046;1927
26308;1928
26596;1929
26755;1930
268243;1931
268585;1932
269379;1933
270026;1934
27085;1935
271056;1936
271326;1937
271472;1938
271595;1939
271705;1940
271925;1941
272223;1942
27225;1943
2723;1944
272402;1945
273526;1946
27435;1947
274768;1948
275545;1949
275713;1950
275882;1951
276315;1952
27646;1953
277055;1954
277380;1955
277713;1956
27818;1957
278472;1958
278636;1959
278899;1960
279084;1961
27945;1962
280238;1963
28113;1964
281208;1965
281520;1966
282414;1967
28292;1968
283191;1969
283461;1970
283686;1971
283828;1972
28404;1973
284304;1974
284494;1975
284602;1976
284685;1977
285254;1978
28533;1979
286180;1980
28658;1981
287281;1982
287854;1983
287963;1984
288551;1985
289172;1986
289309;1987
289497;1988
28956;1989
290023;1990
290120;1991
290272;1992
290371;1993
290513;1994
290764;1995
291021;1996
291286;1997
292764;1998
29282;1999
293281;2000
294268;2001
29430;2002
294483;2003
294856;2004
295708;2005
296169;2006
29640;2007
296944;2008
297223;2009
297374;2010
297853;2011
29828;2012
298650;2013
298904;2014
299857;2015
300014;2016
30035;2017
300810;2018
300979;2019
301411;2020
30200;2021
302205;2022
302349;2023
302815;2024
303308;2025
30384;2026
304210;2027
304553;2028
305558;2029
30592;2030
306174;2031
306433;2032
306959;2033
307078;2034
307576;2035
308330;2036
308808;2037
309097;2038
310149;2039
310237;2040
310445;2041
310561;2042
31066;2043
310662;2044
3107;2045
310763;2046
311254;2047
311773;2048
312000;2049
313406;2050
313900;2051
314179;2052
31451;2053
315178;2054
315422;2055
31619;2056
316370;2057
316495;2058
317114;2059
317374;2060
31774;2061
317823;2062
318078;2063
318375;2064
318842;2065
31971;2066
319845;2067
320495;2068
320745;2069
32094;2070
321125;2071
321747;2072
322010;2073
323;2074
323225;2075
323516;2076
323696;2077
323891;2078
32425;2079
324781;2080
32568;2081
325955;2082
327031;2083
327326;2084
32781;2085
327878;2086
328142;2087
328933;2088
32903;2089
329608;2090
330012;2091
330195;2092
33072;2093
331503;2094
3316;2095
332498;2096
332596;2097
332871;2098
33298;2099
333313;2100
333756;2101
333964;2102
334319;2103
334562;2104
33496;2105
334987;2106
335188;2107
335289;2108
335410;2109
335698;2110
335903;2111
336259;2112
336347;2113
33646;2114
337319;2115
337447;2116
33785;2117
338027;2118
338610;2119
33904;2120
339415;2121
339623;2122
340098;2123
340838;2124
34092;2125
341158;2126
341256;2127
341524;2128
341795;2129
341967;2130
342107;2131
34263;2132
342882;2133
343181;2134
343288;2135
343505;2136
343699;2137
343999;2138
344498;2139
344632;2140
344734;2141
34491;2142
345238;2143
345352;2144
34640;2145
346672;2146
346790;2147
347247;2148
347468;2149
34773;2150
347768;2151
348086;2152
348350;2153
348548;2154
348730;2155
348824;2156
349471;2157
349604;2158
350020;2159
3502;2160
350801;2161
35162;2162
352229;2163
352402;2164
352865;2165
352978;2166
353263;2167
353405;2168
354477;2169
354830;2170
354940;2171
355154;2172
355562;2173
355688;2174
35583;2175
356876;2176
35713;2177
357593;2178
357763;2179
357832;2180
358079;2181
358192;2182
358338;2183
35837;2184
358485;2185
359249;2186
360067;2187
36043;2188
360938;2189
361135;2190
361266;2191
361350;2192
361534;2193
36175;2194
362403;2195
362648;2196
363361;2197
363455;2198
363695;2199
36422;2200
364558;2201
364721;2202
364816;2203
365062;2204
365251;2205
365475;2206
366408;2207
366649;2208
366724;2209
367067;2210
367381;2211
367605;2212
367734;2213
367857;2214
3681;2215
36810;2216
368438;2217
368821;2218
368995;2219
36932;2220
369550;2221
369745;2222
369872;2223
369960;2224
371012;2225
371123;2226
371582;2227
371989;2228
372543;2229
372738;2230
373684;2231
37404;2232
374142;2233
374723;2234
374900;2235
375311;2236
375486;2237
375630;2238
375758;2239
375900;2240
376013;2241
37617;2242
376332;2243
376735;2244
377406;2245
37840;2246
378646;2247
378795;2248
379140;2249
379270;2250
380027;2251
380215;2252
380401;2253
38068;2254
380765;2255
38209;2256
382178;2257
382283;2258
382974;2259
383089;2260
38327;2261
383729;2262
383859;2263
384967;2264
385300;2265
385838;2266
386193;2267
386643;2268
387009;2269
387255;2270
38730;2271
387357;2272
387993;2273
388133;2274
388235;2275
38932;2276
389376;2277
389554;2278
390114;2279
390943;2280
391057;2281
391533;2282
39187;2283
392531;2284
392674;2285
393446;2286
393565;2287
39366;2288
394485;2289
394738;2290
39503;2291
3956;2292
395615;2293
395738;2294
396055;2295
396850;2296
39706;2297
397207;2298
397407;2299
398293;2300
398848;2301
39901;2302
399456;2303
399956;2304
400141;2305
400538;2306
400927;2307
40105;2308
401800;2309
401927;2310
401993;2311
402350;2312
402489;2313
40270;2314
402923;2315
403085;2316
403576;2317
404156;2318
404267;2319
404379;2320
40460;2321
404882;2322
404977;2323
405273;2324
406693;2325
406973;2326
407505;2327
40765;2328
408092;2329
4086;2330
408640;2331
409530;2332
409738;2333
41009;2334
410728;2335
411272;2336
41205;2337
412170;2338
412494;2339
412618;2340
413687;2341
413821;2342
414443;2343
41451;2344
414939;2345
415659;2346
415769;2347
41613;2348
416886;2349
416967;2350
417107;2351
417426;2352
41790;2353
418291;2354
418959;2355
41906;2356
419899;2357
420632;2358
420820;2359
42086;2360
421607;2361
421712;2362
422457;2363
422878;2364
423087;2365
423455;2366
42354;2367
424221;2368
424386;2369
42490;2370
425591;2371
426041;2372
426593;2373
427336;2374
42805;2375
428220;2376
428368;2377
429269;2378
42977;2379
430245;2380
430383;2381
430487;2382
430643;2383
430844;2384
430902;2385
431135;2386
43250;2387
432667;2388
432878;2389
433015;2390
43381;2391
434349;2392
434478;2393
434811;2394
434977;2395
436492;2396
437109;2397
43741;2398
437864;2399
4382;2400
438264;2401
43850;2402
438953;2403
439931;2404
440025;2405
440451;2406
440555;2407
440639;2408
44068;2409
441295;2410
441421;2411
441596;2412
441871;2413
442102;2414
44257;2415
442910;2416
444098;2417
444454;2418
444522;2419
445003;2420
445238;2421
445412;2422
445509;2423
44592;2424
446846;2425
44710;2426
447550;2427
448214;2428
448721;2429
44889;2430
449518;2431
449742;2432
450283;2433
45065;2434
450979;2435
451330;2436
45177;2437
452113;2438
453067;2439
453348;2440
453737;2441
45377;2442
454617;2443
45508;2444
455353;2445
455495;2446
456125;2447
456691;2448
456853;2449
45716;2450
457665;2451
458271;2452
458988;2453
459420;2454
4595;2455
46040;2456
460774;2457
461231;2458
461419;2459
461913;2460
462713;2461
46274;2462
463411;2463
463500;2464
463603;2465
46408;2466
464278;2467
46528;2468
465384;2469
465937;2470
466099;2471
466366;2472
46659;2473
466855;2474
467836;2475
468402;2476
468586;2477
46859;2478
469312;2479
46968;2480
470827;2481
471037;2482
471249;2483
471586;2484
471697;2485
472154;2486
47234;2487
472806;2488
473437;2489
47430;2490
4746;2491
474619;2492
474789;2493
475417;2494
475563;2495
475834;2496
47657;2497
476607;2498
477272;2499
477370;2500
47782;2501
478101;2502
478855;2503
479087;2504
480133;2505
48021;2506
480331;2507
480484;2508
480993;2509
482079;2510
48273;2511
483025;2512
483798;2513
484259;2514
484376;2515
48568;2516
4882;2517
48821;2518
48940;2519
49210;2520
49360;2521
49526;2522
49659;2523
498;2524
49868;2525
49960;2526
5001;2527
50124;2528
50345;2529
50458;2530
50583;2531
50833;2532
51027;2533
51231;2534
51408;2535
5169;2536
51796;2537
51955;2538
52081;2539
52218;2540
52361;2541
52564;2542
52679;2543
52911;2544
53214;2545
53346;2546
53526;2547
53655;2548
53838;2549
5400;2550
54034;2551
54194;2552
54386;2553
54566;2554
54768;2555
54896;2556
55063;2557
55215;2558
55417;2559
55758;2560
55995;2561
5607;2562
56188;2563
56378;2564
56628;2565
56987;2566
57159;2567
57420;2568
5746;2569
57537;2570
57727;2571
57857;2572
58020;2573
58162;2574
58275;2575
58489;2576
58635;2577
58788;2578
58918;2579
59082;2580
59208;2581
5947;2582
59624;2583
59909;2584
60054;2585
60184;2586
60462;2587
60574;2588
60718;2589
60968;2590
61195;2591
6149;2592
61508;2593
61649;2594
61908;2595
62058;2596
62305;2597
623149;2598
623509;2599
624526;2600
625326;2601
62540;2602
625795;2603
627203;2604
62724;2605
627257;2606
627369;2607
627432;2608
628256;2609
628261;2610
628665;2611
628884;2612
628967;2613
629115;2614
62960;2615
630221;2616
630312;2617
63262;2618
632719;2619
634448;2620
634518;2621
63458;2622
634944;2623
635034;2624
635867;2625
635974;2626
63625;2627
636376;2628
636542;2629
637403;2630
637703;2631
63878;2632
639330;2633
639462;2634
639696;2635
639973;2636
64008;2637
641150;2638
641182;2639
64151;2640
642068;2641
642507;2642
642624;2643
64272;2644
643367;2645
644178;2646
64442;2647
644442;2648
645250;2649
645419;2650
645756;2651
64690;2652
647281;2653
647369;2654
647457;2655
647654;2656
647819;2657
648140;2658
64827;2659
649419;2660
64999;2661
651724;2662
651897;2663
652421;2664
652541;2665
652633;2666
652685;2667
652781;2668
652928;2669
652990;2670
653220;2671
65349;2672
654199;2673
654403;2674
654703;2675
654969;2676
655071;2677
655590;2678
65571;2679
656984;2680
657033;2681
658739;2682
658792;2683
659282;2684
65929;2685
660013;2686
660139;2687
660416;2688
660516;2689
661083;2690
66142;2691
661820;2692
661897;2693
66310;2694
663329;2695
6634;2696
664676;2697
66636;2698
666455;2699
666549;2700
666881;2701
667476;2702
66769;2703
667956;2704
668059;2705
668501;2706
66969;2707
669848;2708
670337;2709
670440;2710
670660;2711
671278;2712
671401;2713
671499;2714
671806;2715
671914;2716
672012;2717
672336;2718
672481;2719
672531;2720
67334;2721
673394;2722
674718;2723
675044;2724
67531;2725
676579;2726
67755;2727
677685;2728
678461;2729
678951;2730
67910;2731
680120;2732
680867;2733
68150;2734
682296;2735
683223;2736
68331;2737
684098;2738
68556;2739
685600;2740
686678;2741
686886;2742
687651;2743
68776;2744
688956;2745
68916;2746
690197;2747
690572;2748
690802;2749
692385;2750
69247;2751
6936;2752
695057;2753
69545;2754
695916;2755
695956;2756
696987;2757
697104;2758
697196;2759
697467;2760
69812;2761
698609;2762
698711;2763
698901;2764
699304;2765
699378;2766
699641;2767
69976;2768
699947;2769
700099;2770
700186;2771
700527;2772
70170;2773
701777;2774
701889;2775
701979;2776
703515;2777
703732;2778
703978;2779
704129;2780
70418;2781
704201;2782
705340;2783
70569;2784
707294;2785
70733;2786
709032;2787
709582;2788
709661;2789
71044;2790
710701;2791
710818;2792
711064;2793
71182;2794
712231;2795
712511;2796
712543;2797
712911;2798
71322;2799
7134;2800
713954;2801
714090;2802
714195;2803
71486;2804
715570;2805
716509;2806
71778;2807
717949;2808
718063;2809
718160;2810
718286;2811
718297;2812
719181;2813
719545;2814
719874;2815
720041;2816
72009;2817
721606;2818
721681;2819
721838;2820
721937;2821
72210;2822
72355;2823
724085;2824
724219;2825
724269;2826
724364;2827
724680;2828
724759;2829
72552;2830
725937;2831
726165;2832
7265;2833
72791;2834
728138;2835
728276;2836
72919;2837
729266;2838
729341;2839
729377;2840
730121;2841
73162;2842
731691;2843
731889;2844
733083;2845
73337;2846
734996;2847
735116;2848
73515;2849
736286;2850
736444;2851
736530;2852
736613;2853
737090;2854
73724;2855
737273;2856
7386;2857
73878;2858
739083;2859
739251;2860
739786;2861
739853;2862
73994;2863
739947;2864
740609;2865
741;2866
741353;2867
74180;2868
741944;2869
742103;2870
742138;2871
742297;2872
742371;2873
742805;2874
74316;2875
743652;2876
74460;2877
745012;2878
745158;2879
745384;2880
745544;2881
74571;2882
747353;2883
747487;2884
74817;2885
748253;2886
748370;2887
749082;2888
749242;2889
749375;2890
749425;2891
749670;2892
74974;2893
7498;2894
749820;2895
749851;2896
751306;2897
75137;2898
751566;2899
751676;2900
752129;2901
752315;2902
752369;2903
752572;2904
753156;2905
753290;2906
753403;2907
75419;2908
754852;2909
754951;2910
75528;2911
756524;2912
75700;2913
757605;2914
757728;2915
75825;2916
758634;2917
759231;2918
760798;2919
76080;2920
760849;2921
761918;2922
76261;2923
764666;2924
76493;2925
765104;2926
765726;2927
76648;2928
766614;2929
767110;2930
76835;2931
768705;2932
769562;2933
770674;2934
77094;2935
77213;2936
772941;2937
773018;2938
773375;2939
7737;2940
774026;2941
774416;2942
774549;2943
77565;2944
775906;2945
777215;2946
777718;2947
77778;2948
777835;2949
778617;2950
77993;2951
780486;2952
780721;2953
780821;2954
780955;2955
781168;2956
781197;2957
782123;2958
78227;2959
782312;2960
782445;2961
783115;2962
783727;2963
783937;2964
785483;2965
78575;2966
786705;2967
786943;2968
787146;2969
787857;2970
788586;2971
78868;2972
789125;2973
789231;2974
789273;2975
789362;2976
7894;2977
789956;2978
79069;2979
791374;2980
791492;2981
791598;2982
791704;2983
791879;2984
79225;2985
793123;2986
793583;2987
793747;2988
79380;2989
793918;2990
79535;2991
795564;2992
796609;2993
796683;2994
79670;2995
796793;2996
79795;2997
798172;2998
798289;2999
798896;3000
799441;3001
799511;3002
79974;3003
799916;3004
800133;3005
800453;3006
801796;3007
802495;3008
80282;3009
804145;3010
806514;3011
80660;3012
807315;3013
807491;3014
80773;3015
8084;3016
809207;3017
809302;3018
80976;3019
810062;3020
811327;3021
811727;3022
812020;3023
812173;3024
812422;3025
812584;3026
81313;3027
813947;3028
814719;3029
814783;3030
81496;3031
815760;3032
815896;3033
816945;3034
81705;3035
817454;3036
817557;3037
817689;3038
817961;3039
819403;3040
819478;3041
819823;3042
81995;3043
820251;3044
82115;3045
821626;3046
82242;3047
822872;3048
823155;3049
823400;3050
823476;3051
82401;3052
824204;3053
82570;3054
825849;3055
826505;3056
826796;3057
82706;3058
827456;3059
827568;3060
827964;3061
8282;3062
82844;3063
828937;3064
82997;3065
831019;3066
83166;3067
832009;3068
833001;3069
833163;3070
833325;3071
83379;3072
834548;3073
835245;3074
835403;3075
835518;3076
83562;3077
835732;3078
835831;3079
837168;3080
83736;3081
837634;3082
837735;3083
837870;3084
838294;3085
838375;3086
838512;3087
838617;3088
839195;3089
83937;3090
840233;3091
84079;3092
841377;3093
841415;3094
842578;3095
842679;3096
842805;3097
84302;3098
843913;3099
843997;3100
844151;3101
844263;3102
84512;3103
846332;3104
846371;3105
84689;3106
847812;3107
848046;3108
848134;3109
848212;3110
84844;3111
848958;3112
849069;3113
849350;3114
849775;3115
849850;3116
85019;3117
850872;3118
850937;3119
851926;3120
851965;3121
85222;3122
852280;3123
85383;3124
854520;3125
854664;3126
85541;3127
85691;3128
857758;3129
857961;3130
858932;3131
85924;3132
859755;3133
859844;3134
860221;3135
860359;3136
862545;3137
864281;3138
865318;3139
865371;3140
865471;3141
865646;3142
866603;3143
866974;3144
868707;3145
868752;3146
870197;3147
870642;3148
871254;3149
871499;3150
8826;3151
9071;3152
9184;3153
9384;3154
9695;3155
9842;3156
9963;3157
